singular nouns,plural nouns,class,,,,,,,,,
nkhope,nkhope,i-zi,,,,,,,,,
mbuzi,mbuzi,i-zi,,,,,,,,,
m'bale,abale,mu-a,,,,,,,,,
dothi,madothi,li-ma,,,,,,,,,
tsamba,masamba,li-ma,,,,,,,,,
chovala,zovala,chi-zi,,,,,,,,,
mnyamata,anyamata,mu-a,,,,,,,,,
munda,minda,mu-mi,,,,,,,,,
chombo,zombo,chi-zi,,,,,,,,,
mngelo,angelo,mu-a,,,,,,,,,
dzina,maina,li-ma,,,,,,,,,
mtengo,mitengo,mu-mi,,,,,,,,,
gulu,magulu,li-ma,,,,,,,,,
lirime,malirime,li-ma,,,,,,,,,
fuko,mafuko,li-ma,,,,,,,,,
chikhomo,zikhomo,chi-zi,,,,,,,,,
mlendo,alendo,mu-a,,,,,,,,,
liwu,mawu,li-ma,,,,,,,,,
sukulu,sukulu,i-zi,,,,,,,,,
nkazi,akazi,mu-a,,,,,,,,,
mphaka,mphaka,mu-a,,,,,,,,,
boma,maboma,li-ma,,,,,,,,,
buku,mabuku,li-ma,,,,,,,,,
munthu,anthu,mu-a,,,,,,,,,
phiri,mapiri,li-ma,,,,,,,,,
dzuwa,dzuwa,li-ma,,,,,,,,,
njovu,njovu,i-zi,,,,,,,,,
msika,misika,mu-mi,,,,,,,,,
chimbuzi,zimbuzi,chi-zi,,,,,,,,,
mlamba,milamba,mu-mi,,,,,,,,,
chipinda,ziphinda,chi-zi,,,,,,,,,
chikondi,chikondi,chi-zi,,,,,,,,,
ngolo,ngolo,i-zi,,,,,,,,,
mchombo,michombo,mumi,,,,,,,,,
chikopa,zikopa,chi-zi,,,,,,,,,
chisomo,zisomo,chi-zi,,,,,,,,,
mwana,ana,mu-a,,,,,,,,,
mbusa,abusa,mu-a,,,,,,,,,
mtsikana,atsikana,mu-a,,,,,,,,,
bankha,abankha,mu-a,,,,,,,,,
kalulu,akalulu,mu-a,,,,,,,,,
mutu,mitu,mu-mi,,,,,,,,,
mudzi,midzi,mu-mi,,,,,,,,,
mwambi,miyambi,mu-mi,,,,,,,,,
mwezi,miyezi,mu-mi,,,,,,,,,
mzere,mizere,mu-mi,,,,,,,,,
mwazi,mwazi,mu-mi,,,,,,,,,
mkaka,mkaka,mu-mi,,,,,,,,,
mtedza,mtedza,mu-mi,,,,,,,,,
mphweya,mphweya,mu-mi,,,,,,,,,
mchere,mchere,mu-mi,,,,,,,,,
mpunga,mphunga,mu-mi,,,,,,,,,
lamulo,malamulo,li-ma,,,,,,,,,
lalanje,malalanje,li-ma,,,,,,,,,
lembo,malembo,li-ma,,,,,,,,,
bere,mabere,li-ma,,,,,,,,,
fano,mafano,li-ma,,,,,,,,,
dzira,mazira,li-ma,,,,,,,,,
gawo,magawo,li-ma,,,,,,,,,
khutu,makutu,li-ma,,,,,,,,,
tchimo,machimo,li-ma,,,,,,,,,
madzi,madzi,li-ma,,,,,,,,,
manda,manda,ku-pa-mu,,,,,,,,,
mantha,mantha,li-ma,,,,,,,,,
chala,zala,chi-zi,,,,,,,,,
cheke,zeke,chi-zi,,,,,,,,,
chibaluwa,zibaluwa,chi-zi,,,,,,,,,
chibakera,zibakera,chi-zi,,,,,,,,,
chimanga,zimanga,chi-zi,,,,,,,,,
chichewa,chichewa,chi-zi,,,,,,,,,
chilungamo,chilungamo,chi-zi,,,,,,,,,
mpanda,mipanda,mu-mi,,,,,,,,,
nandolo,nandolo,i-zi,,,,,,,,,
msonkhano,misonkhano,mu-mi,,,,,,,,,
bungwe,mabungwe,li-ma,,,,,,,,,
nthenda,matenda,mu-mi,,,,,,,,,
mlembi,alembi,mu-a,,,,,,,,,
wapamphando,apampando,mu-a,,,,,,,,,
membala,mamembala,mu-a,,,,,,,,,
lamulo,malamulo,li-ma,,,,,,,,,
chule,achule,mu-a,,,,,,,,,
chaka,zaka,chi-zi,,,,,,,,,
mzinda,mizinda,mu-mi,,,,,,,,,
nthochi,nthochi,li-ma,,,,,,,,,
nsapato,nsapato,i-zi,,,,,,,,,
malaya,malaya,li-ma,,,,,,,,,
bulangete,mabulangete,li-ma,,,,,,,,,
dimba,madimba,li-ma,,,,,,,,,
mphasa,mphasa,i-zi,,,,,,,,,
mlimi,alimi,mu-a,,,,,,,,,
uta,mauta,u-ma,,,,,,,,,
ufa,ufa,u-ma,,,,,,,,,
tsache,matsache,li-ma,,,,,,,,,
chitsanzo,zitsanzo,li-ma,,,,,,,,,
khama,makhama,li-ma,,,,,,,,,
khasu,makasu,li-ma,,,,,,,,,
bolodi,mabolodi,li-ma,,,,,,,,,
zenera,mazenera,li-ma,,,,,,,,,
mnasi,anasi,mu-a,,,,,,,,,
mphulumitsi,apulumutsi,mu-a,,,,,,,,,
kabichi,kabichi,mu-a,,,,,,,,,
chomera,zomera,chi-zi,,,,,,,,,
chipatala,zipatala,chi-zi,,,,,,,,,
chitetezo,chitetezo,chi-zi,,,,,,,,,
ndenge,ndenge,i-zi,,,,,,,,,
chikhalidwe,zikhalidwe,chi-zi,,,,,,,,,
msomali,misomali,mu-mi,,,,,,,,,
ulaliki,maulaliki,li-ma,,,,,,,,,
mfuti,mfuti,li-ma,,,,,,,,,
chipatala,zipatala,chi-zi,,,,,,,,,
mtsinje,mitsinje,mu-mi,,,,,,,,,
phunziro,maphuziro,li-ma,,,,,,,,,
saka,masaka,li-ma,,,,,,,,,
ngodya,ngodya,i-zi,,,,,,,,,
m'nyumba,m'nyumba,ku-pa-mu,,,,,,,,,
kumunda ,kumunda,ku-pa-mu,,,,,,,,,
patchire,patchire,ku-pa-mu,,,,,,,,,
m'mudzi,m'mudzi,ku-pa-mu,,,,,,,,,
kamwana,tiana,ka-ti,,,,,,,,,
kanthu,tinthu,ka-ti,,,,,,,,,
kadiso,timaso,ka-ti,,,,,,,,,
tsiku,masiku,li-ma,,,,,,,,,
fupa,mafupa,li-ma,,,,,,,,,
bala,mabala,li-ma,,,,,,,,,
diso,maso,li-ma,,,,,,,,,
chambo,zambo,chi-zi,,,,,,,,,
chulu,zulu,chi-zi,,,,,,,,,
chikho,zikho,chi-zi,,,,,,,,,
chodyera,zodyera,chi-zi,,,,,,,,,
chibwana,zibwana,chi-zi,,,,,,,,,
ndolo,ndolo,i-zi,,,,,,,,,
mphwemphwa,mphwemphwa,i-zi,,,,,,,,,
mfumu,mfumu,i-zi,,,,,,,,,
mimba,mimba,i-zi,,,,,,,,,
inswa,inswa,i-zi,,,,,,,,,
udindo,maudindo,u-ma,,,,,,,,,
udzudzu,udzudzu,u-ma,,,,,,,,,
kusaka,kusaka,ku+tsinde la mneni,,,,,,,,,
kulemba,kulemba,ku+tsinde la mneni,,,,,,,,,
kugona,kugona,ku+tsinde la mneni,,,,,,,,,
mzamba,azamba,mu-a,,,,,,,,,
fisi,afisi,mu-a,,,,,,,,,
mwamuna,amuna,mu-a,,,,,,,,,
mkeka,mikeka,mu-mi,,,,,,,,,
muzu,mizu,mu-mi,,,,,,,,,
mwambi,miyambi,mu-mi,,,,,,,,,
mulungu,milungu,mu-mi,,,,,,,,,
uve,uve,u-ma,,,,,,,,,
bongo,bongo,u-ma,,,,,,,,,
mulatho,milatho,mu-mi,,,,,,,,,
msewu,misewu,mu-mi,,,,,,,,,
nkhuku,nkhuku,i-zi,,,,,,,,,
ukhondo,ukhondo,u-ma,,,,,,,,,
nkhondo,nkhondo,i-zi,,,,,,,,,
nkhokwe,nkhokwe,i-zi,,,,,,,,,
anyezi,anyezi,mu-a,,,,,,,,,
udzu,mauzu,u-ma,,,,,,,,,
ululu,ululu,u-ma,,,,,,,,,
tomato,tomato,mu-a,,,,,,,,,
chithunzi,zithunzi,chi-zi,,,,,,,,,
kupita,kupita,ku+tsinde la mneni,,,,,,,,,
kubwera,kubwera,ku+tsinde la mneni,,,,,,,,,
kulima,kulima,ku+tsinde la mneni,,,,,,,,,
kuthawa,kuthawa,ku+tsinde la mneni,,,,,,,,,
kulimbikira,kulimbikila,ku+tsinde la mneni,,,,,,,,,
kuphika,kuphika,ku+tsinde la mneni,,,,,,,,,
kachala,zizala,ka-ti,,,,,,,,,
mpando,mipando,mu-mi,,,,,,,,,
thabwa,matabwa,li-ma,,,,,,,,,
chikwama,zikwama,chi-zi,,,,,,,,,
galimoto,galimoto,i-zi,,,,,,,,,
phazi,mapazi,li-ma,,,,,,,,,
mlomo,milomo,mu-mi,,,,,,,,,
mphuno,mphuno,i-zi,,,,,,,,,
thako,matako,li-ma,,,,,,,,,
botolo,mabotolo,li-ma,,,,,,,,,
tebulo,tebulo,li-ma,,,,,,,,,
denga,denga,li-ma,,,,,,,,,
nyale,nyale,i-zi,,,,,,,,,
chitseko,ziseko,chi-zi,,,,,,,,,
chipande,zipande,chi-zi,,,,,,,,,
mbiya,mbiya,i-zi,,,,,,,,,
nyemba,nyemba,i-zi,,,,,,,,,
danzi,danzi,li-ma,,,,,,,,,
chipumi,zipumi,chi-zi,,,,,,,,,
nzeru,nzeru,i-zi,,,,,,,,,
mphamvu,mphavu,i--zi,,,,,,,,,
bondo,mawondo,li-ma,,,,,,,,,
mbalame,mbalame,i-zi,,,,,,,,,
galu,agalu,mu-a,,,,,,,,,
nsomba,nsomba,chi-zi,,,,,,,,,
mpeni,mipeni,mu-mi,,,,,,,,,
mchenga,michenga,mu-mi,,,,,,,,,
mbewu,mbewu,i-zi,,,,,,,,,
khoswe,makoswe,u-ma,,,,,,,,,
mbewa,mbewa,i-zi,,,,,,,,,
nyimbo,nyimbo,i-zi,,,,,,,,,
duwa,maluwa,li-ma,,,,,,,,,
kalata,kalata,i-zi,,,,,,,,,
uthenga,mauthenga,u-ma,,,,,,,,,
dziko,maiko,li-ma,,,,,,,,,
mzimbe,mizimbe,i-zi,,,,,,,,,
nsalu,nsalu,i-zi,,,,,,,,,
tsitsi,tsitsi,i-zi,,,,,,,,,
khosi,makosi,li-ma,,,,,,,,,
chikhadabo,zikhadabo,chi-zi,,,,,,,,,
mphepo,mphepo,i-zi,,,,,,,,,
nsabwe,nsabwe,i-zi,,,,,,,,,
dzungu,maungu,li-ma,,,,,,,,,
nkhwangwa,nkhwangwa,i-zi,,,,,,,,,
nkhanu,nkhanu,i-zi,,,,,,,,,
nkhanga,nkhanga,i-zi,,,,,,,,,
nkhosa,nkhosa,i-zi,,,,,,,,,
khwangwala,akhwangwala,mu-a,,,,,,,,,
nyerere,nyerere,i-zi,,,,,,,,,
mwendo,mwendo,mu-mi,,,,,,,,,
mkono,mikono,mu-mi,,,,,,,,,
dzenje,mayenje,li-ma,,,,,,,,,
malata,malata,li-ma,,,,,,,,,
chimera,zimera,chi-zi,,,,,,,,,
mlatho,milatho,mu-mi,,,,,,,,,
mlandu,milandu,mu-mi,,,,,,,,,
ulalo,maulalo,u-ma,,,,,,,,,
mlonda,mlonda,mu-a,,,,,,,,,
chiletso,zileso,chi-zi,,,,,,,,,
imfa,imfa,i-zi,,,,,,,,,
chilema,zilema,chi-zi,,,,,,,,,
njinga,njinga,i-zi,,,,,,,,,
khoma,khoma,li-ma,,,,,,,,,
nkhalango,nkhalango,i-zi,,,,,,,,,
mpingo,mipingo,mu-mi,,,,,,,,,
mphatso,mphatso,i-zi,,,,,,,,,
mkhango,mikango,mu-mi,,,,,,,,,
kambuku,akambuku,mu-a,,,,,,,,,
nyani,anyani,mu-a,,,,,,,,,
gwape,agwape,mu-a,,,,,,,,,
chitsoti,zitsoti,chi-zi,,,,,,,,,
mkondo,mikondo,mu-mi,,,,,,,,,
mlenje,alenji,mu-a,,,,,,,,,
phanga,mapanga,li-ma,,,,,,,,,
chisa,zisa,chi-zi,,,,,,,,,
chiputu,ziputu,chi-zi,,,,,,,,,
chitosi,zitosi,chi-zi,,,,,,,,,
mphunzitsi,aphunzitsi,mu-a,,,,,,,,,
bulu,abulu,mu-a,,,,,,,,,
mtolo,mitolo,mu-mi,,,,,,,,,
mtsuko,mitsuko,mu-mi,,,,,,,,,
mulu,milu,mu-mi,,,,,,,,,
mphika,miphika,mu-mi,,,,,,,,,
mwala,miyala,mu-mi,,,,,,,,,
nakubala,anakubala,mu-a,,,,,,,,,
nankafubwe,anakafumbwe,mu-a,,,,,,,,,
njuchi,njuchi,i-zi,,,,,,,,,
kuimba,kuimba,ku+tsinde la mneni,,,,,,,,,
pamsika,pamsika,ku-pa-mu,,,,,,,,,
uchi,uchi,,,,,,,,,,
nkhonde,makonde,mu-a,,,,,,,,,
banja,mabanja,li-ma,,,,,,,,,
bwenzi,abwenzi,li-ma,,,,,,,,,
chifukwa,zifukwa,chi-zi,,,,,,,,,
chikwanje,zikwanje,chi-zi,,,,,,,,,
gule,magule,u-ma,,,,,,,,,
bwalo,mabwalo,lima,,,,,,,,,
chinangwa,chinangwa,chi-zi,,,,,,,,,
chingwe,zingwe,chi-zi,,,,,,,,,
chinthu,zinthu,chi-zi,,,,,,,,,
chipatso,zipatso,chi-zi,,,,,,,,,
chipewa,zipewa,chi-zi,,,,,,,,,
chitsime,zitsime,chi-zi,,,,,,,,,
cholinga,zolinga,chi-zi,,,,,,,,,
chuma,chuma,chi-zi,,,,,,,,,
dambo,madambo,chi-zi,,,,,,,,,
dengu,madengu,li-ma,,,,,,,,,
dzana,dzana,li-ma,,,,,,,,,
dzanja,manja,li-ma,,,,,,,,,
katundu,katundu,mu-a,,,,,,,,,
khomo,makomo,li-ma,,,,,,,,,
lero,lero,li-ma,,,,,,,,,
mafuta,mafuta,li-ma,,,,,,,,,
malo,malo,li-ma,,,,,,,,,
malonda,malonda,li-ma,,,,,,,,,
mankhwala,mankhwala,li-ma,,,,,,,,,
mbatata,mbatata,i-zi,,,,,,,,,
mbeu,mbeu,i-zi,,,,,,,,,
mdima,midima,mu-mi,,,,,,,,,
mnzanga,azanga,mu-a,,,,,,,,,
moto,moto,mu-mi,,,,,,,,,
moyo,miyoyo,mu-mi,,,,,,,,,
mphwanga,aphwanga,mu-a,,,,,,,,,
mtima,mitima,mu-mi,,,,,,,,,
mzimu,mizimu,mu-mi,,,,,,,,,
mvula,mvula,i-zi,,,,,,,,,
ndalama,ndalama,i-zi,,,,,,,,,
ndiwo,ndiwo,i-zi,,,,,,,,,
dondo,dondo,i-zi,,,,,,,,,
ng'ombe,ng'ombe,i-zi,,,,,,,,,
njala,njala,i-zi,,,,,,,,,
njira,njira,i-zi,,,,,,,,,
nkhani,nkhani,i-zi,,,,,,,,,
nkhuni,nkhuni,i-zi,,,,,,,,,
nsima,nsima,i-zi,,,,,,,,,
nsungwi,nsungwi,i-zi,,,,,,,,,
ntchito,ntchito,i-zi,,,,,,,,,
nthawi,nthawi,i-zi,,,,,,,,,
nyama,nyama,i-zi,,,,,,,,,
nyumba,nyumba,i-zi,,,,,,,,,
tchire,tchire,li-ma,,,,,,,,,
thumba,matumba,li-ma,,,,,,,,,
njerwa,njerwa,i-zi,,,,,,,,,
tambala,tambala,mu-a,,,,,,,,,
fulu,afulu,mu-a,,,,,,,,,
lezara,malezara,li-ma,,,,,,,,,
nyanja,nyanja,i-zi,,,,,,,,,
mpini,mipini,mu-mi,,,,,,,,,
chiweto,ziweto,chi-zi,,,,,,,,,
nkhumba,nkhumba,i-zi,,,,,,,,,
nkhunda,nkhunda,i-zi,,,,,,,,,
nkhono,nkhono,i-zi,,,,,,,,,
mbira,mbira,i-zi,,,,,,,,,
mtambo,mitambo,i-zi,,,,,,,,,
khala,makala,li-ma,,,,,,,,,
mtere,mitera,mu-mi,,,,,,,,,
adyo,adyo,mu-a,,,,,,,,,
bango,mango,li-ma,,,,,,,,,
atate,atate,mu-a,,,,,,,,,
ambulansi,maambulansi,i-zi,,,,,,,,,
baibulo,mabaibulo,li-ma,,,,,,,,,
bafa,mabafa,li-ma,,,,,,,,,
ambulera,ambulera,i-zi,,,,,,,,,
impso,impso,u-ma,,,,,,,,,
imvi,imvi,u-ma,,,,,,,,,
insa,insa,u-ma,,,,,,,,,
jekete,majekete,li-ma,,,,,,,,,
kama,makama,li-ma,,,,,,,,,
bata,bata,li-ma,,,,,,,,,
bodza,maboza,li-ma,,,,,,,,,
bowa,bowa,u-,,,,,,,,,
chiphe,ziphe,chi-zi,,,,,,,,,
chiphadzuwa,ziphadzuwa,chi-zi,,,,,,,,,
chipululu,zipululu,chi-zi,,,,,,,,,
chitokosi,zitokosi,chi-zi,,,,,,,,,
chiuno,ziuno,chi-zi,,,,,,,,,
chitsiru,zitsiru,,,,,,,,,,
chiwanda,ziwanda,chi-zi,,,,,,,,,
chiwala,ziwala,chi-zi,,,,,,,,,
chiwindi,ziwindi,chi-zi,,,,,,,,,
cholemebera,zolembera,chi-zi,,,,,,,,,
dotolo,madotolo,mu-a,,,,,,,,,
edzi,edzi,i-zi,,,,,,,,,
fodya,fodya,mu-mi,,,,,,,,,
fosholo,mafosholo,li-ma,,,,,,,,,
fumbi,fumbi,li-ma,,,,,,,,,
funso,mafuso,li-ma,,,,,,,,,
ganizo,maganizo,li-ma,,,,,,,,,
gitala,magitala,li-ma,,,,,,,,,
gogo,agogo,mu-a,,,,,,,,,
golide,golide,u-ma,,,,,,,,,
kachipinda,tizipinda,ka-ti,,,,,,,,,
kambuzi,timbuzi,ka-ti,,,,,,,,,
kachipatso,tizipatso,ka-ti,,,,,,,,,
kamulu,timulu,ka-ti,,,,,,,,,
kachitsiru,tizitsiru,ka-ti,,,,,,,,,
kadzidzi,akadzidzi,mu-a,,,,,,,,,
kakowa,akakowa,mu-a,,,,,,,,,
kakambuku,tiakambuku,ka-ti,,,,,,,,,
kakadzidzi,tiakadzidzi,ka-ti,,,,,,,,,
kapinga,tikapinga,ka-ti,,,,,,,,,
kanyenyezi,tinyenyezi,ka-ti,,,,,,,,,
kafiti,tiafiti,ka-ti,,,,,,,,,
kakhasu,timakasu,ka-ti,,,,,,,,,
khola,makola,li-ma,,,,,,,,,
kachitseko,tizitseko,ka-ti,,,,,,,,,
kalilime,tililime,ka-ti,,,,,,,,,
khungu,khungu,li-ma,,,,,,,,,
kamalo,timalo,ka-ti,,,,,,,,,
malovu,malovu,li-ma,,,,,,,,,
magetsi,magetsi,li-ma,,,,,,,,,
malume,malume,mu-a,,,,,,,,,
maliro,maliro,li-ma,,,,,,,,,
magazi,magazi,li-ma,,,,,,,,,
malungo,malungo,li-ma,,,,,,,,,
mbama,mambama,li-ma,,,,,,,,,
khofi,makofi,li-ma,,,,,,,,,
kakhofi,timakofi,ka-ti,,,,,,,,,
kabango,timango,ka-ti,,,,,,,,,
mapira,mapira,li-ma,,,,,,,,,
mawere,maware,li-ma,,,,,,,,,
mbala,mbala,i-zi,,,,,,,,,
mbina,mbina,i-zi,,,,,,,,,
mbululu,mbululu,i-zi,,,,,,,,,
mbumba,mbumba,i-zi,,,,,,,,,
mchewa,achewa,mu-a,,,,,,,,,
khoti,makoti,li-ma,,,,,,,,,
loto,maloto,li-ma,,,,,,,,,
mdzukulu,adzukulu,mu-a,,,,,,,,,
mbonzi,mbonzi,i-zi,,,,,,,,,
mfiti,afiti,mu-a,,,,,,,,,
mfotokozi,afotokozi,mu-a,,,,,,,,,
mneni,aneni,mu-a,,,,,,,,,
mfuuliro,mifuuliro,mu-mi,,,,,,,,,
mgodi,migodi,mu-mi,,,,,,,,,
kachenjede,kachenjede,i-zi,,,,,,,,,
kamkango,timikango,ka-ti,,,,,,,,,
mkute,mikute,mu-mi,,,,,,,,,
malambe,malambe,li-ma,,,,,,,,,
mphitikizi,aphwitikizi,mu-a,,,,,,,,,
mmalawi,amalawi,mu-a,,,,,,,,,
mmwenye,amwenye,mu-a,,,,,,,,,
mngoni,angoni,mu-a,,,,,,,,,
mtumbuka,atumbuka,mu-a,,,,,,,,,
bwana,abwana,mu-a,,,,,,,,,
mdya,adya,mu-a,,,,,,,,,
godwa,agondwa,mu-a,,,,,,,,,
kadyamsonga,akadyansonga,mu-a,,,,,,,,,
kadzimbuka,akadzimbuka,mu-a,,,,,,,,,
kadziwayekha,akadziwayekha,mu-a,,,,,,,,,
kalaliki,akalaliki,mu-a,,,,,,,,,
kanungu,akanungu,mu-a,,,,,,,,,
katekisima,akatekisima,mu-a,,,,,,,,,
komema,akomema,mu-a,,,,,,,,,
kavalo,akavalo,mu-a,,,,,,,,,
mkazi,akazi,mu-a,,,,,,,,,
mkhalayekha,akhalayekha,mu-a,,,,,,,,,
wakuba,akuba,mu-a,,,,,,,,,
mlamu,alamu,mu-a,,,,,,,,,
mlowam'malo,alowam'malo,mu-a,,,,,,,,,
mlowoka,alowoka,mu-a,,,,,,,,,
mlozola,alozola,mu-a,,,,,,,,,
mlumbwana,alumbwana,mu-a,,,,,,,,,
mayi,amayi,mu-a,,,,,,,,,
nakwiaka,anakakwiaka,mu-a,,,,,,,,,
mnyanja,anyanja,mu-a,,,,,,,,,
shehe,ashehe,mu-a,,,,,,,,,
msilikali,atsilikali,mu-a,,,,,,,,,
mphelanjiru,aphelanjiru,mu-a,,,,,,,,,
sing'anga,asing'anga,mu-a,,,,,,,,,
msungwana,asungwana,mu-a,,,,,,,,,
tate,atate,mu-a,,,,,,,,,
muwerengi,awerengi,mu-a,,,,,,,,,
mzibambo,abambo,mu-a,,,,,,,,,
mzungu,azungu,mu-a,,,,,,,,,
banki,mabanki,mu-a,,,,,,,,,
mavu,mavu,mu-a,,,,,,,,,
bvuto,mavuto,li-ma,,,,,,,,,
bwato,bwato,i-zi,,,,,,,,,
chingwa,chingwa,i-zi,,,,,,,,,
phulusa,phulusa,i-zi,,,,,,,,,
chipere,zipere,chi-zi,,,,,,,,,
chinkhwe,zinkhwe,chi-zi,,,,,,,,,
chipukupuku,zipukupuku,chi-zi,,,,,,,,,
chiphuphu,ziphuphu,chi-zi,,,,,,,,,
chisalisali,zisalisali,chi-zi,,,,,,,,,
chishango,zishango,chi-zi,,,,,,,,,
chitsamunda,zitsamunda,chi-zi,,,,,,,,,
chiwengo,ziwengo,chi-zi,,,,,,,,,
chiyimbiro,ziyimbiro,chi-zi,,,,,,,,,
chiyoto,ziyoto,chi-zi,,,,,,,,,
dembo,zidembo,chi-zi,,,,,,,,,
zamba,zamba,mu-a,,,,,,,,,
chimwana,ziana,chi-zi,,,,,,,,,
chidindo,zidindo,chi-zi,,,,,,,,,
chidude,zidude,chi-zi,,,,,,,,,
chifuwa,zifuwa,chi-zi,,,,,,,,,
chikoto,zikoto,chi-zi,,,,,,,,,
chithaphwi,zithaphwi,chi-zi,,,,,,,,,
chikwi,zikwi,chi-zi,,,,,,,,,
chilala,zilala,chi-zi,,,,,,,,,
chinziri,zinziri,chi-zi,,,,,,,,,
chitondwe,zitondwe,chi-zi,,,,,,,,,
chowuka,zowuka,chi-zi,,,,,,,,,
utsi,utsi,,,,,,,,,,
uvuni,mauvuni,u-ma,,,,,,,,,
wailesi,mawailesi,li-ma,,,,,,,,,
mkungu,wakungu,mu-a,,,,,,,,,
yankho,mayankho,li-ma,,,,,,,,,
ubatizo,maubatizo,u-ma,,,,,,,,,
ulendo,maulendo,u-ma,,,,,,,,,
ulesi,maulesi,u-ma,,,,,,,,,
ufiti,maufiti,u-ma,,,,,,,,,
umunthu,umunthu,u-ma,,,,,,,,,
unduna,maunduna,u-ma,,,,,,,,,
uphunzitsi,uphunzitsi,u-ma,,,,,,,,,
usana,mausana,u-ma,,,,,,,,,
usipa,usipa,u-ma,,,,,,,,,
utawalezi,utawalezi,u-ma,,,,,,,,,
utitiri,utitiri,u-ma,,,,,,,,,
kamngelo,tiangelo,ka-ti,,,,,,,,,
kamudzi,timidzi,ka-ti,,,,,,,,,
kanungu,tinungu,ka-ti,,,,,,,,,
tsoka,matsoka,li-ma,,,,,,,,,
kufumbi,pafumbi/mufumbi,ku-pa-mu,,,,,,,,,
phapo,mapapo,li-ma,,,,,,,,,
phasa,mapasa,li-ma,,,,,,,,,
kufupa,pafumba/m'fupa,ku-pa-mu,,,,,,,,,
phiko,maphiko,li-ma,,,,,,,,,
phwetekere,phwetekere,mu-a,,,,,,,,,
poto,mapoto,li-ma,,,,,,,,,
sabata,masabata,li-ma,,,,,,,,,
sitolo,masitolo,li-ma,,,,,,,,,
singano,masingano,li-ma,,,,,,,,,
nyalubwe,anyalubwe,mu-a,,,,,,,,,
nyanga,nyanga,i-zi,,,,,,,,,
nyengo,nyengo,i-zi,,,,,,,,,
nyenyezi,nyenyezi,i-zi,,,,,,,,,
nyota,nyota,i-zi,,,,,,,,,
woimba,oimba,mu-a,,,,,,,,,
nzika,nzika,mu-a,,,,,,,,,
nkhwazi,nkhwazi,i-zi,,,,,,,,,
nsanje,nsanje,i-zi,,,,,,,,,
nsanza,nsanza,i-zi,,,,,,,,,
nsawawa,nsawawa,i-zi,,,,,,,,,
nsenjere,nsenjere,i-zi,,,,,,,,,
nsidze,nsidze,i-zi,,,,,,,,,
ntchentche,ntchentche,i-zi,,,,,,,,,
nthenga,nthenga,i-zi,,,,,,,,,
nthumbi,nthumbi,i-zi,,,,,,,,,
nthano,nthano,i-zi,,,,,,,,,
nthanda,nthanda,i-zi,,,,,,,,,
nswala,nswala,i-zi,,,,,,,,,
nguluwe,nguluwe,i-zi,,,,,,,,,
ngwazi,ngwazi,i-zi,,,,,,,,,
njati,njati,i-zi,,,,,,,,,
njadi,njadi,i-zi,,,,,,,,,
njiru,njiru,i-zi,,,,,,,,,
njiwa,njiwa,i-zi,,,,,,,,,
njoka,njoka,i-zi,,,,,,,,,
njuma,njuma,i-zi,,,,,,,,,
nkhandwe,nkhandwe,i-zi,,,,,,,,,
mzimizi,mizimizi,i-zi,,,,,,,,,
mzime,mizime,i-zi,,,,,,,,,
mzukwa,mizukwa,mu-mi,,,,,,,,,
nakalupsa,anakalupsa,mu-a,,,,,,,,,
namwali,anamwali,mu-a,,,,,,,,,
ndege,ndege,i-zi,,,,,,,,,
ndevu,ndevu,i-zi,,,,,,,,,
ndere,ndere,i-zi,,,,,,,,,
ndimu,ndimu,i-zi,,,,,,,,,
ndondocha,ndondocha,i-zi,,,,,,,,,
ndowa,ndowa,i-zi,,,,,,,,,
ndulu,ndulu,i-zi,,,,,,,,,
ngalawa,ngalawa,i-zi,,,,,,,,,
ng'anjo,ng'anjo,i-zi,,,,,,,,,
ng'oma,ng'oma,i-zi,,,,,,,,,
ng'ona,ng'ona,i-zi,,,,,,,,,
ngamira,ngamira,i-zi,,,,,,,,,
ngola,ngola,i-zi,,,,,,,,,
mvunguti,mivunguti,mu-mi,,,,,,,,,
mvuu,mvuu,i-zi,,,,,,,,,
mwaye,miyawe,mu-mi,,,,,,,,,
mwayi,mwayi,mu-a,,,,,,,,,
mweruzi,aweruzi,mu-a,,,,,,,,,
mzati,mizati,mu-mi,,,,,,,,,
mzikiti,mizikiti,mu-mi,,,,,,,,,
mpira,mipira,mu-mi,,,,,,,,,
mpita,mipita,mu-mi,,,,,,,,,
mpito,mipito,mu-mi,,,,,,,,,
msesere,misesere,mu-mi,,,,,,,,,
mthunzi,mthunzi,mu-mi,,,,,,,,,
mtsempha,misempha,mu-mi,,,,,,,,,
mowa,mowa,,,,,,,,,,
mpesa,mipesa,mu-mi,,,,,,,,,
mphenzi,mphenzi,mu-a,,,,,,,,,
mphemvu,mphemvu,i-zi,,,,,,,,,
mphere,mphere,i-zi,,,,,,,,,
mphindi,mphizi,i-zi,,,,,,,,,
mphoyo,mphoyo,i-zi,,,,,,,,,
mphumi,mphumi,i-zi,,,,,,,,,
mleme,mileme,mu-mi,,,,,,,,,
mvukwe,mivukwe,mu-mi,,,,,,,,,
mkodzo,mikodzi,mu-mi,,,,,,,,,
mchira,michira,mu-mi,,,,,,,,,
mchodzi,michozi,mu-mi,,,,,,,,,
mhawu,mihawu,mu-mi,,,,,,,,,
msirima,misirima,mu-mi,,,,,,,,,
msumwa,misumwa,mu-mi,,,,,,,,,
mbidzi,mdidzi,i-zi,,,,,,,,,
mbinji,mbinji,i-zi,,,,,,,,,
bavu,mavu,li-ma,,,,,,,,,
dzaye,maye,li-ma,,,,,,,,,
ola,maola,li-ma,,,,,,,,,
tsamvu,matsavu,li-ma,,,,,,,,,
tawuni,matawuni,li-ma,,,,,,,,,
ula,maula,li-ma,,,,,,,,,
dziwe,maiwe,li-ma,,,,,,,,,
kwacha,makwacha,li-ma,,,,,,,,,
lawi,malawi,li-ma,,,,,,,,,
lipiro,malipiro,li-ma,,,,,,,,,
hema,mahema,li-ma,,,,,,,,,
kuotcha,kuotcha,ku+tsinde la mneni,,,,,,,,,
kunyekhula,kunyekhula,ku+tsinde la mneni,,,,,,,,,
kupha,kupha,ku+tsinde la mneni,,,,,,,,,
kusaba,kusaba,ku+tsinde la mneni,,,,,,,,,
kusadya,kusadya,ku+tsinde la mneni,,,,,,,,,
kusaphunzira,kusaphunzira,ku+tsinde la mneni,,,,,,,,,
kusamwetsa,kusamwetsa,ku+tsinde la mneni,,,,,,,,,
kuseka,kuseka,ku+tsinde la mneni,,,,,,,,,
kuwerenga,kuwerenga,ku+tsinde la mneni,,,,,,,,,
kuzerezeka,kuzerezeka,ku+tsinde la mneni,,,,,,,,,
kuthandiza,kuthandiza,ku+tsinde la mneni,,,,,,,,,
kusanthandiza,kusathandiza,ku+tsinde la mneni,,,,,,,,,
kuyetsemula,kuyetsemula,ku+tsinde la mneni,,,,,,,,,
kumwa,kumwa,ku+tsinde la mneni,,,,,,,,,
kabwawi,tibawi,ka-ti,,,,,,,,,
kachipanipani,tizipanipani,ka-ti,,,,,,,,,
kachiyoto,tizioyoto,ka-ti,,,,,,,,,
kanema,kanema,li-ma,,,,,,,,,
khonje,khonje,li-ma,,,,,,,,,
khwapa,khwapa,i-zi,,,,,,,,,
kumbwambwayila,kumbwambwayila,ku+tsinde la mneni,,,,,,,,,
kubzinya,kubzinya,ku+tsinde la mneni,,,,,,,,,
kufa,kufa,ku+tsinde la mneni,,,,,,,,,
kuda,kuda,ku+tsinde la mneni,,,,,,,,,
kugwetsa,kugwetsa,ku+tsinde la mneni,,,,,,,,,
kuiwala,kuiwala,ku+tsinde la mneni,,,,,,,,,
kuliritsa,kuliritsa,ku+tsinde la mneni,,,,,,,,,
kuodza,kulodza,ku+tsinde la mneni,,,,,,,,,
kupewa,kupewa,ku+tsinde la mneni,,,,,,,,,
chiluzu,ziluzu,chi-zi,,,,,,,,,
chiyao,chiyao,chi-zi,,,,,,,,,
chiwemba,ziwemba,chii-zi,,,,,,,,,
chisutu,zisutu,chi-zi,,,,,,,,,
chisena,zisena,chi-zi,,,,,,,,,
chiperekezo,chiperekezo,chi-zi,,,,,,,,,
chipulu ,zipulu ,chi-zi,,,,,,,,,
chifu,zifu,chi-zi,,,,,,,,,
chindoko,zindoko,chi-zi,,,,,,,,,
chiganizo,ziganizo,chi-zi,,,,,,,,,
chikuda,zikuda,chi-zi,,,,,,,,,
chakudya,zakudya,chi-zi,,,,,,,,,
chamuyaya,zamuyaya,chi-zi,,,,,,,,,
chidude,zidude,chi-zi,,,,,,,,,
mlangizi,alangizi,mu-a,,,,,,,,,
mchimwene,achimwene,mu-a,,,,,,,,,
mkaidi,akaidi,mu-a,,,,,,,,,
mdzakali,adzakali,mu-a,,,,,,,,,
mfaritsi,afaritsi,mu-a,,,,,,,,,
mfedwa,afedwa,mu-a,,,,,,,,,
mfumukazi,afumukazi,mu-a,,,,,,,,,
mfunthi,afunthi,mu-a,,,,,,,,,
mkafula,akafula,mu-a,,,,,,,,,
mdzakazi,adzakadzi,mu-a,,,,,,,,,
mlauli,alauli,mu-a,,,,,,,,,
mlela,alela,mu-a,,,,,,,,,
alumali,maluli,u-ma,,,,,,,,,
 mluya,aluya,mu-a,,,,,,,,,
mphulitsi,aphulitsi,mu-a,,,,,,,,,
msakazi,asakazi,mu-a,,,,,,,,,
msema,asema,mu-a,,,,,,,,,
msilamu,asilamu,mu-a,,,,,,,,,
msintho,asintho,mu-a,,,,,,,,,
msodzi,asodzi,mu-a,,,,,,,,,
msunga,asunga,mu-a,,,,,,,,,
msungi,asungi,mu-a,,,,,,,,,
mtantha,atantha,mu-a,,,,,,,,,
mtengambali,atengambali,mu-a,,,,,,,,,
mtengwa,atengwa,mu-a,,,,,,,,,
mtsamunda,atsamunda,mu-a,,,,,,,,,
mtumiki,atumiki,mu-a,,,,,,,,,
mtumwi,atumwi,mu-a,,,,,,,,,
myuda,ayuda,mu-a,,,,,,,,,
mzondi,azondi,mu-a,,,,,,,,,
bajeti,mabajeti,u,,,,,,,,,
baji,mabaji,u-ma,,,,,,,,,
balamani,mabalamani,u-ma,,,,,,,,,
balidi,mabalidi,u-ma,,,,,,,,,
bande,mawande,u-ma,,,,,,,,,
bampu,mabampu,li-ma,,,,,,,,,
bandeji,mabandeji,li-ma,,,,,,,,,
banga,mawanga,u-ma,,,,,,,,,
banki,mabanki,li-ma,,,,,,,,,
bano,mawano,li-ma,,,,,,,,,
banzi,mabanzi,li-ma,,,,,,,,,
batcha,mabatcha,u-ma,,,,,,,,,
bathwa,abathwa,mu-a,,,,,,,,,
baulo,mabaulo,li-ma,,,,,,,,,
benenga,mabenenga,u-ma,,,,,,,,,
benga,mabenga,u-ma,,,,,,,,,
bingu,mabingu,li-ma,,,,,,,,,
bira,abira,mu-a,,,,,,,,,
biringanya,mabiringanya,li-ma,,,,,,,,,
biritsi,abiritsi,mu-a,,,,,,,,,
bisiketi,mabisiketi,u-ma,,,,,,,,,
biyawu,mabiyawu,li-ma,,,,,,,,,
bokosi,mabokosi,li-ma,,,,,,,,,
boko,aboko,mu-a,,,,,,,,,
bolera,maborela,u-ma,,,,,,,,,
bolomwa,mabolomwa,u-ma,,,,,,,,,
bolosi,mabolosi,u-ma,,,,,,,,,
bomba,mabomba,li-ma,,,,,,,,,
bomu,mabomu,li-ma,,,,,,,,,
bonzo,mabonzo,li-ma,,,,,,,,,
bovu,mabovu,li-ma,,,,,,,,,
bowo,mabowo,li-ma,,,,,,,,,
bubu,abubu,mu-a,,,,,,,,,
bulako,mabulako,u-ma,,,,,,,,,
buleki,mabuleki,li-ma,,,,,,,,,
buloko,mabuloko,li-ma,,,,,,,,,
buluku,mabuluku,li-ma,,,,,,,,,
bulauzi,mabulauzi,li-ma,,,,,,,,,
bumma,mauma,u-ma,,,,,,,,,
bulumwa,mabulumwa,li-ma,,,,,,,,,
bumba,mabumba,u-ma,,,,,,,,,
bundukutu,abundukutu,mu-a,,,,,,,,,
bunjizi,mabunjizi,u-ma,,,,,,,,,
bwambi,mabwambi,u-ma,,,,,,,,,
chabodza,zabodza,chi-zi,,,,,,,,,
chakhumi,zakuhumi,chi-zi,,,,,,,,,
chachikunja,zachikunja,chi-zi,,,,,,,,,
chakuda,zakuda,chi-zi,,,,,,,,,
chakumwa,zakumwa,chi-zi,,,,,,,,,
chakumwezi,zakumwazi,chi-zi,,,,,,,,,
chamakono,zamakono,chi-zi,,,,,,,,,
chachikazi,zazikazi,chi-zi,,,,,,,,,
chachimuna,zazimuna,chi-zi,,,,,,,,,
chamasamba,zamasamba,chi-zi,,,,,,,,,
chandowe,zandowe,chi-zi,,,,,,,,,
zankhongo,chankhongo,chi-zi,,,,,,,,,
chibiya,zibiya,chi-zi,,,,,,,,,
chibisalieani,zibisalirani,chi-zi,,,,,,,,,
chibo,zibo,chi-zi,,,,,,,,,
chiboda,ziboda,chi-zi,,,,,,,,,
chiboliboli,ziboliboli,chi-zi,,,,,,,,,
chibombwezi,zibombwezi,chi-zi,,,,,,,,,
chibonga,zibonga,chi-zi,,,,,,,,,
chibwano,zibwano,chi-zi,,,,,,,,,
chibulo,zibulo,chi-zi,,,,,,,,,
chiboyi,ziboyi,chi-zi,,,,,,,,,
chivomelezi,zivomelezi,chi-zi,,,,,,,,,
chibwibwi,zibwibwi,chi-zi,,,,,,,,,
chifuyo,zifuyo,chi-zi,,,,,,,,,
chichira,zichira,chi-zi,,,,,,,,,
chida,zida,chi-zi,,,,,,,,,
chidebe,zidebe,chi-zi,,,,,,,,,
chidendene,zidendeni,chi-zi,,,,,,,,,
chidera,zidera,chi-zi,,,,,,,,,
chidikhodikho,zidikhidikhi,chi-zi,,,,,,,,,
chidodo,zidodo,chi-zi,,,,,,,,,
chidombe,zidombe,chi-zi,,,,,,,,,
chidosa,zidosa,chi-zi,,,,,,,,,
chidonje,zidonje,chi-zi,,,,,,,,,
chiduli,ziduli,chi-zi,,,,,,,,,
chidzete,zidzete,chi-zi,,,,,,,,,
chidzokomiro,zidzokomiro,chi-zi,,,,,,,,,
chidzolo,zidzolo,chi-zi,,,,,,,,,
chidzudzulo,zidzudzulo,chi-zi,,,,,,,,,
chifanifani ,zifanifani,chi-zi,,,,,,,,,
chifanizo,zifanizo,chi-zi,,,,,,,,,
chifufu,zifufu,chi-zi,,,,,,,,,
chifuniro,zifuniro,chi-zi,,,,,,,,,
chifundo,zifundo,chi-zi,,,,,,,,,
chifundudwa,zifundudwa,chi-zi,,,,,,,,,
chifunga,zifunga,chi-zi,,,,,,,,,
chifungo,zifungo,chi-zi,,,,,,,,,
chifupa,zifupa,chi-zi,,,,,,,,,
chigamba,zigamba,chi-zi,,,,,,,,,
chifuzi,zifuzi,chi-zi,,,,,,,,,
chigayo,zigayo,chi-zi,,,,,,,,,
chigama,zigama,chi-zi,,,,,,,,,
chigamulo,zigamulo,chi-zi,,,,,,,,,
chigalamwa,zigalamwa,chi-zi,,,,,,,,,
chigandanga,zigandanga,chi-zi,,,,,,,,,
chigandwa,zigandwa,chi-zi,,,,,,,,,
chigando,zigando,chi-zi,,,,,,,,,
chigawo,zigawo,chi-zi,,,,,,,,,
chigoba,zigoba,chi-zi,,,,,,,,,
chigodi,zigodi,chi-zi,,,,,,,,,
chigoli,zigoli,chi-zi,,,,,,,,,
chitsononkho,zitsononkho,chi-zi,,,,,,,,,
chiguduli,ziguduli,chi-zi,,,,,,,,,
chigonjetso,zigonjetso,chi-zi,,,,,,,,,
chikaikiro,zikaikiro,chi-zi,,,,,,,,,
chikang'a,zikang'a,chi-zi,,,,,,,,,
chikanu,zikanu,chizi,,,,,,,,,
chilango,zilango,chi-zi,,,,,,,,,
chikwangani,zikwangwani,chi-zi,,,,,,,,,
chikuti,zikuti,chi-zi,,,,,,,,,
chilakolako,zilakolako,chi-zi,,,,,,,,,
chiliro,ziliro,chi-zi,,,,,,,,,
chiliza,ziliza,chi-zi,,,,,,,,,
chilombo,zilombo,chu-zi,,,,,,,,,
chilonda,zilonda,chi-zi,,,,,,,,,
chilorezo,zilolezo,chi-zi,,,,,,,,,
chilumba,zilumba,chi-zi,,,,,,,,,
chimangirizo,zimangirizo,chi-zi,,,,,,,,,
chimango,zimango,chi-zi,,,,,,,,,
chimasuko,zimasuko,chi-zi,,,,,,,,,
chimasuliro,zimasuliro,ch-zi,,,,,,,,,
chimbalala,zimbalala,chi-zi,,,,,,,,,
chimbale,zimbale,chi-zi,,,,,,,,,
chimbuwari,zimbuwari,chi-zi,,,,,,,,,
chimbowa,zimbowa,chi-zi,,,,,,,,,
chimeme,zimeme,chi-zi,,,,,,,,,
chimkokota,zimkokota,chi-zi,,,,,,,,,
chimphakasa,zimphakasa,chi-zi,,,,,,,,,
chimvano,zimvano,chi-zi,,,,,,,,,
chimphonde,zimphonde,chi-zi,,,,,,,,,
chimphanga,zimphanga,chi-zi,,,,,,,,,
chimphona,zimphona,chi-zi,,,,,,,,,
chimphusi,zimphusi,chi-zi,,,,,,,,,
chimpse,zimpse,chi-zi,,,,,,,,,
chimwala,zimiyala,chi-zi,,,,,,,,,
luzi,aluzi,mu-a,,,,,,,,,
malonje,malonje,li-ma,,,,,,,,,
loto,maloto,li-ma,,,,,,,,,
phesi,mapesi,li-ma,,,,,,,,,
 mbawa,mibawa,mu-mi,,,,,,,,,
mbawala ,ambawala,mu-a,,,,,,,,,
mbilima,mibilima,mu-mi,,,,,,,,,
mbuye,ambuye,mu-a,,,,,,,,,
mchada,michada,mu-mi,,,,,,,,,
mchamulo,michamulo,mu-mi,,,,,,,,,
mchape,michape,mu-mi,,,,,,,,,
mcheni,micheni,mu-mi,,,,,,,,,
mchena,michena,mu-mi,,,,,,,,,
mchenje,michenje,mu-mi,,,,,,,,,
mchetho,michetho,mu-mi,,,,,,,,,
mcheu,micheu,mu-mi,,,,,,,,,
mchezula,michezula,mu-mi,,,,,,,,,
mchika,michika,mu-mi,,,,,,,,,
mchilichizo,michilichizo,mu-mi,,,,,,,,,
mchimba,michimba,mu-mi,,,,,,,,,
mchintchi,michintchi,mu-mi,,,,,,,,,
mchezo,michezo,mu-mi,,,,,,,,,
mchiro,michiro,mu-mi,,,,,,,,,
mchiriki,mitchiriki,mu-mi,,,,,,,,,
mchiritso,machilitso,li-ma,,,,,,,,,
mchiritsi,achiritsi,mu-a,,,,,,,,,
mchisu,michisu,mu-mi,,,,,,,,,
mchiwu,michiwu,mu-mi,,,,,,,,,
mchodzi,michodzi,mu-mi,,,,,,,,,
mcholo,micholo,mu-mi,,,,,,,,,
mchoma,michoma,mu-mi,,,,,,,,,
mchonngwe,michongwe,mu-mi,,,,,,,,,
mfeni,mifeni,mu-mi,,,,,,,,,
mfusiro,mifusiro,mu-mi,,,,,,,,,
mfatsankhunda,mifatsankhunda,mu-mi,,,,,,,,,
mfodo,mifodo,mu-mi,,,,,,,,,
mfolo,mifolo,mu-mi,,,,,,,,,
mfuleni,mifuleni,mu-mi,,,,,,,,,
mfula,mifula,mu-mi,,,,,,,,,
mfunda,mifunda,mu-mi,,,,,,,,,
mfupo,mifupo,mu-mi,,,,,,,,,
mfuwu,mifuwu,mu-mi,,,,,,,,,
mgagada,migagada,mu-mi,,,,,,,,,
mfyoli,mifyoli,mu-mi,,,,,,,,,
mgalagada,migalagada,mu-mi,,,,,,,,,
mganda,miganda,mu-mi,,,,,,,,,
mgaulo,migaulo,mu-mi,,,,,,,,,
mgawano,migawano,mu-mi,,,,,,,,,
mgodya,mingodya,mu-mi,,,,,,,,,
mgodabo,migodabo,mu-mi,,,,,,,,,
mngola,mingola,mu-mi,,,,,,,,,
mgolo,migolo,mu-mi,,,,,,,,,
mgomo,migomo,mu-mi,,,,,,,,,
mgonda,migonda,mu-mi,,,,,,,,,
mgonero,migonero,mu-mi,,,,,,,,,
mgwirizano,migwirizano,mu-mi,,,,,,,,,
mgongwa,migongwa,mu-mi,,,,,,,,,
munga,minga,mu-mi,,,,,,,,,
mkacha,mikacha,mu-mi,,,,,,,,,
mkangali,mikangali,mu-mi,,,,,,,,,
mkapa,mikapa,mu-mi,,,,,,,,,
mkate,mikate,mu-mi,,,,,,,,,
mkangano,mikangano,mu-mi,,,,,,,,,
nkute,mikute,mu-mi,,,,,,,,,
mkhanjo,mikhanjo,mu-mi,,,,,,,,,
mkhuwo,mikuwo,mu-mi,,,,,,,,,
mkhuto,mikhuto,mu-mi,,,,,,,,,
mkhate,mikate,mu-mi,,,,,,,,,
mkoko,mikoko,mu-mi,,,,,,,,,
mkoka,mikoka,mu-mi,,,,,,,,,
mkokomo,mikokomo,mu-mi,,,,,,,,,
mkokota,mikokota,mu-mi,,,,,,,,,
mkalimbo,mikalimbo,mu-mi,,,,,,,,,
mkolombidzo,mikolombodzo,mu-mi,,,,,,,,,
mkolongonjo,mikolongonjo,mu-mi,,,,,,,,,
mkolimbo,mikolimbo,mu-mi,,,,,,,,,
mkonje,mikonje,mu-mi,,,,,,,,,
mkuka,mikuka,mu-mi,,,,,,,,,
mkulo,mikulo,mu-mi,,,,,,,,,
mkumbi,mikumbi,mu-mi,,,,,,,,,
mkuna,mikuna,mu-mi,,,,,,,,,
mkunda,mikunda,mu-mi,,,,,,,,,
mkunga,mikunga,mu-mi,,,,,,,,,
mkungubwi,mikungubwi,mu-mi,,,,,,,,,
mkupizo,mikupizo,mu-mi,,,,,,,,,
mlakanjovu,milakanjovu,mu-mi,,,,,,,,,
mlambala,milambala,mu-mi,,,,,,,,,
mleme,mileme,mu-mi,,,,,,,,,
mlili,milili,mu-mi,,,,,,,,,
mlowo,milowo,mu-mi,,,,,,,,,
mludza,miludza,mu-mi,,,,,,,,,
mngoli,mingoli,mu-mi,,,,,,,,,
mngole,mingole,mu-mi,,,,,,,,,
chizimba,zizimba,chi-zi,,,,,,,,,
themba,matemba,li-ma,,,,,,,,,
phewa,mapewa,li-ma,,,,,,,,,
dalo,madalo,li-ma,,,,,,,,,
ubale,maubale,u-ma,,,,,,,,,
ubongo,maubongo,u-ma,,,,,,,,,
ubani,maubani,u-ma,,,,,,,,,
ubwenzi,maubwenzi,u-ma,,,,,,,,,
ubwino,maubwino,u-ma,,,,,,,,,
ubweya,maubweya,u-ma,,,,,,,,,
uchemberi,mauchemberi,u-ma,,,,,,,,,
ufulu,maufulu,u-ma,,,,,,,,,
ufumu,maufumu,u-ma,,,,,,,,,
uka,mauka,u-ma,,,,,,,,,
ukonde,maukonde,u-ma,,,,,,,,,
ukwati,maukwati,u-ma,,,,,,,,,
ulamuliro,maulamuliro,u-ma,,,,,,,,,
ulemu,maulemu,u-ma,,,,,,,,,
uluka,mauluka,u-ma,,,,,,,,,
ulusi,maulusi,u-ma,,,,,,,,,
umboni,maumboni,u-ma,,,,,,,,,
una,mauna,u-ma,,,,,,,,,
unda,maunda,u-ma,,,,,,,,,
unyawi,maunyawi,u-ma,,,,,,,,,
upalu,maupalu,u-ma,,,,,,,,,
upandu,maupandu,u-ma,,,,,,,,,
upangiri,maupangir,u-ma,,,,,,,,,
uphungu,mauphungu,u-ma,,,,,,,,,
utoto,mautoto,u-ma,,,,,,,,,
utso,mautso,u-ma,,,,,,,,,
uwiyo,mauwiyo,u-ma,,,,,,,,,
utumwi,mautumwi,u-ma,,,,,,,,,
valo,mavalo,li-ma,,,,,,,,,
soko,masoko,li-ma,,,,,,,,,
phombe,mapombe,li-ma,,,,,,,,,
phona,mapona,li-ma,,,,,,,,,
phokoso,mapokoso,li-ma,,,,,,,,,
phiriwa,mapiriwa,li-ma,,,,,,,,,]
phonyolo,maponyolo,li-ma,,,,,,,,,
phinde,mphinde,li-ma,,,,,,,,,
mvekero,mivekero,mu-mi,,,,,,,,,
mviru,miviru,mu-mi,,,,,,,,,
mvumo,mivumo,mu-mi,,,,,,,,,
muyeso,miyeso,mu-mi,,,,,,,,,
muula,miula,mu-mi,,,,,,,,,
mvano,mivano,mu-mi,,,,,,,,,
muvi,mivu,mu-mi,,,,,,,,,
mthethe,mithethe,mu-mi,,,,,,,,,
mtembo,mitembo,mu-mi,,,,,,,,,
mtengero,mitengero,mu-mi,,,,,,,,,
mtebera,mitebera,mu-mi,,,,,,,,,
mteme,miteme,mu-mi,,,,,,,,,
mtemwende,mitemwende,mu-mi,,,,,,,,,
mtetete,mitetete,mu-mi,,,,,,,,,
mthangati,athangati,mu-a,,,,,,,,,
mtengankhuni,mitengankhuni,mu-mi,,,,,,,,,
mthandizi,athandizi,mu-a,,,,,,,,,
mthanga,athangati,mu-a,,,,,,,,,
mthiko,mithiko,mu-mi,,,,,,,,,
mtambe,mitambe,mu-mi,,,,,,,,,
mtapo,mitapo,mu-mi,,,,,,,,,
mtanthauziramawu,mtanthauziramawu,mu-mi,,,,,,,,,
mtandasha,mitandasha,mu-mi,,,,,,,,,
mtandiro,mitandiro,mu-mi,,,,,,,,,
mtawa,mitawa,mu-mi,,,,,,,,,
mtazi,mitazi,mu-mi,,,,,,,,,
msusu,misusu,mu-mi,,,,,,,,,
msuweni,asuweni,mu-a,,,,,,,,,
msumati,misumati,mu-mi,,,,,,,,,
msululu,misululu,mu-mi,,,,,,,,,
msoti,misoti,mu-mi,,,,,,,,,
mswachi,miswachi,mu-mi,,,,,,,,,
msopa,misopa,mu-mi,,,,,,,,,
msumbi,misumbi,mu-mi,,,,,,,,,
msulizo,misulizo,mu-mi,,,,,,,,,
msolo,misolo,mu-mi,,,,,,,,,
msupi,misupi,mu-mi,,,,,,,,,
mpita,mipita,mu-mi,,,,,,,,,
mpini,mipini,mu-mi,,,,,,,,,
mpopi,mipopi,mu-mi,,,,,,,,,
mphusi,mphuzi,i-zi,,,,,,,,,
mphoyo,miphoyo,mu-mi,,,,,,,,,
mpenu,mipenu,mu-mi,,,,,,,,,
luso,maluso,li-ma,,,,,,,,,
luntha,luntha,i-zi,,,,,,,,,
lonjezo,mlonjezo,li-ma,,,,,,,,,
liphondo,maliphondo,li-ma,,,,,,,,,
likulu,malikulu,li-ma,,,,,,,,,
lambi,malambi,li-ma,,,,,,,,,
lamba,malamba,li-ma,,,,,,,,,
kusiyana,kusiyana,ku+tsinde la mneni,,,,,,,,,
kusokosa,kusokosa,ku+tsinde la mneni,,,,,,,,,
kusowa,kusowa,ku+tsinde la mneni,,,,,,,,,
kuona,kuona,ku+tsinde la mneni,,,,,,,,,
kusamva,kusamva,ku+tsinde la mneni,,,,,,,,,
kumaso,pamaso\mmaso,ku-pa-mu,,,,,,,,,
kumbali,pambalilmmbali,ku-pa-mu,,,,,,,,,
khombe,makombe,li-ma,,,,,,,,,
khate,makate,li-ma,,,,,,,,,
khamu,makamu,li-ma,,,,,,,,,
khalidwe,makhalidwe,li-ma,,,,,,,,,
kadzira,timazira,ka-ti,,,,,,,,,
kanjinga,tinjinga,ka-ti,,,,,,,,,
kukamwa,pakamwa\mkamwa,ku-pa-mu,,,,,,,,,
kamzimu,timizimu,ka-ti,,,,,,,,,
kampeni,timipeni,ka-ti,,,,,,,,,
kamfuti,timifuti,ka-ti,,,,,,,,,
kambewu,timbewu,ka-ti,,,,,,,,,
kambalame,timbalame,ka-ti,,,,,,,,,
fuwa,mafuwa,li-ma,,,,,,,,,
fanizo,mafanizo,li-ma,,,,,,,,,
dandaulo,madandaulo,li-ma,,,,,,,,,
kamwala,timiyala,ka-ti,,,,,,,,,
kamulungu,timilungu,ka-ti,,,,,,,,,
katsinje,timitsinje,ka-ti,,,,,,,,,
kanjole,tinjole,ka-ti,,,,,,,,,
kankhani,tinkhani,ka-ti,,,,,,,,,
kachidutswa,tizidutswa,ka-ti,,,,,,,,,
kabuku,timabuku,ka-ti,,,,,,,,,
katudza,timatudza,ka-ti,,,,,,,,,
kadzino,timano,ka-ti,,,,,,,,,
kaulusi,timaulusi,ka-ti,,,,,,,,,
